username,profile_url,type,source_user,source_repo,page_number,scraped_at
duhlink,https://github.com/duhlink,follower,connor4312,,1,2025-06-24T20:16:40.531639
PatilVaishnav131,https://github.com/PatilVaishnav131,follower,connor4312,,1,2025-06-24T20:16:40.534845
MichaelKinsy,https://github.com/MichaelKinsy,follower,connor4312,,1,2025-06-24T20:16:40.537433
Rucellmai61,https://github.com/Rucellmai61,follower,connor4312,,1,2025-06-24T20:16:40.539997
ccamel,https://github.com/ccamel,follower,connor4312,,1,2025-06-24T20:16:40.542817
sins921,https://github.com/sins921,follower,connor4312,,1,2025-06-24T20:16:40.545408
amir-aspad,https://github.com/amir-aspad,follower,connor4312,,1,2025-06-24T20:16:40.547821
kushalshit27,https://github.com/kushalshit27,follower,connor4312,,1,2025-06-24T20:16:40.550056
Neustradamus,https://github.com/Neustradamus,follower,connor4312,,1,2025-06-24T20:16:40.552588
jonathanhefner,https://github.com/jonathanhefner,follower,connor4312,,1,2025-06-24T20:16:40.554880
evalstate,https://github.com/evalstate,follower,connor4312,,1,2025-06-24T20:16:40.557171
olaservo,https://github.com/olaservo,follower,connor4312,,1,2025-06-24T20:16:40.559480
hari998,https://github.com/hari998,follower,connor4312,,1,2025-06-24T20:16:40.561768
Cdayz,https://github.com/Cdayz,follower,connor4312,,1,2025-06-24T20:16:40.563963
rajyraman,https://github.com/rajyraman,follower,connor4312,,1,2025-06-24T20:16:40.566050
reetp14,https://github.com/reetp14,follower,connor4312,,1,2025-06-24T20:16:40.568398
YaShhhhz,https://github.com/YaShhhhz,follower,connor4312,,1,2025-06-24T20:16:40.570680
itsnauman,https://github.com/itsnauman,follower,connor4312,,1,2025-06-24T20:16:40.572705
sylvanding,https://github.com/sylvanding,follower,connor4312,,1,2025-06-24T20:16:40.575326
CuongLiam,https://github.com/CuongLiam,follower,connor4312,,1,2025-06-24T20:16:40.577472
parsaa74,https://github.com/parsaa74,follower,connor4312,,1,2025-06-24T20:16:40.579493
Larovitchhh,https://github.com/Larovitchhh,follower,connor4312,,1,2025-06-24T20:16:40.581481
djvelimir,https://github.com/djvelimir,follower,connor4312,,1,2025-06-24T20:16:40.583713
adi1985a,https://github.com/adi1985a,follower,connor4312,,1,2025-06-24T20:16:40.585991
connebrink,https://github.com/connebrink,follower,connor4312,,1,2025-06-24T20:16:40.587979
henrynguci,https://github.com/henrynguci,follower,connor4312,,1,2025-06-24T20:16:40.590002
Motaman-M,https://github.com/Motaman-M,follower,connor4312,,1,2025-06-24T20:16:40.592226
chiragbhoj,https://github.com/chiragbhoj,follower,connor4312,,1,2025-06-24T20:16:40.594242
scherii,https://github.com/scherii,follower,connor4312,,1,2025-06-24T20:16:40.596279
keinsell,https://github.com/keinsell,follower,connor4312,,1,2025-06-24T20:16:40.598284
FMorschel,https://github.com/FMorschel,follower,connor4312,,1,2025-06-24T20:16:40.600904
GLxBOTAi,https://github.com/GLxBOTAi,follower,connor4312,,1,2025-06-24T20:16:40.603284
ECHCHARIY28,https://github.com/ECHCHARIY28,follower,connor4312,,1,2025-06-24T20:16:40.605399
louzt,https://github.com/louzt,follower,connor4312,,1,2025-06-24T20:16:40.607890
Lacoz,https://github.com/Lacoz,follower,connor4312,,1,2025-06-24T20:16:40.610055
Joe-joey1,https://github.com/Joe-joey1,follower,connor4312,,1,2025-06-24T20:16:40.612266
Jsydog222,https://github.com/Jsydog222,follower,connor4312,,1,2025-06-24T20:16:40.614473
aaronamm,https://github.com/aaronamm,follower,connor4312,,1,2025-06-24T20:16:40.616612
oleh7462,https://github.com/oleh7462,follower,connor4312,,1,2025-06-24T20:16:40.618615
nathan815,https://github.com/nathan815,follower,connor4312,,1,2025-06-24T20:16:40.620894
anastasius21,https://github.com/anastasius21,follower,connor4312,,1,2025-06-24T20:16:40.623102
Ferszus,https://github.com/Ferszus,follower,connor4312,,1,2025-06-24T20:16:40.625113
saddamBD,https://github.com/saddamBD,follower,connor4312,,1,2025-06-24T20:16:40.627098
NaiemSikder,https://github.com/NaiemSikder,follower,connor4312,,1,2025-06-24T20:16:40.629341
QubitScript,https://github.com/QubitScript,follower,connor4312,,1,2025-06-24T20:16:40.631374
UjjwalSaini07,https://github.com/UjjwalSaini07,follower,connor4312,,1,2025-06-24T20:16:40.633575
AdhiDevX369-work,https://github.com/AdhiDevX369-work,follower,connor4312,,1,2025-06-24T20:16:40.635765
thenewyork,https://github.com/thenewyork,follower,connor4312,,1,2025-06-24T20:16:40.637810
flamma19,https://github.com/flamma19,follower,connor4312,,1,2025-06-24T20:16:40.639777
oryzasystems2016,https://github.com/oryzasystems2016,follower,connor4312,,1,2025-06-24T20:16:40.642244
